candidate_id,name,current_company,current_title,location,years_of_experience,skills,education,work_experience,project_experience,public_profile_text,profile_url,source_type,source_note,last_updated,contact_status,notes,blacklist_status,retrieval_source,retrieval_query,retrieved_at,source_confidence,profile_completeness,sourcing_status
C001,林雨,知行科技,AI 产品经理,上海,4,AI 产品设计; Prompt; Python; Streamlit; 数据分析,复旦大学 信息管理 本科,负责智能客服和知识库产品，从需求分析到上线运营；参与大模型 API 接入和结构化输出评估。,搭建过内部候选人简历解析 Demo，支持标签抽取、评分和人工复核。,公开主页显示其关注 AI 工具、招聘效率和数据合规，曾分享过 AI 产品原型设计经验。,https://example.com/profile/c001,mock_data,Demo mock 示例数据，高匹配 AI 产品画像。,2026-06-11,未触达,,否,mock_data,(AI 产品经理 AND HR SaaS AND Python),2026-06-11 09:00:00,高,100,已入库
C002,陈澈,北辰 HR Cloud,HR SaaS 产品经理,北京,6,HR SaaS; 招聘管理; CRM; B2B 产品; 数据看板,中国人民大学 劳动关系 硕士,负责 ATS 招聘系统、候选人漏斗和面试协同模块。,主导招聘 CRM 改版，提升 HR 跟进效率并加入审计日志。,公开资料提到长期服务企业 HR 场景，熟悉候选人状态管理和招聘流程优化。,https://example.com/profile/c002,mock_data,Demo mock 示例数据，招聘 SaaS 产品强相关。,2026-06-11,未触达,,否,mock_data,(HR SaaS 产品经理 AND 招聘 CRM),2026-06-11 09:02:00,高,100,已入库
C003,周宁,星河集团,招聘运营,广州,5,招聘运营; 人才库; 数据分析; Excel; 候选人沟通,华南理工大学 工商管理 本科,负责批量岗位招聘运营、候选人入库和触达节奏管理。,设计过人才库标签体系和每周招聘漏斗分析报表。,公开资料主要体现招聘运营和数据分析能力，AI 产品与 API 经验不明确。,https://example.com/profile/c003,mock_data,Demo mock 示例数据，业务相关但产品和 AI 偏弱。,2026-06-11,未触达,,否,mock_data,(招聘运营 AND 人才库 AND 数据分析),2026-06-11 09:04:00,中,100,已入库
C004,许航,云栖网络,后端工程师,杭州,7,Python; FastAPI; SQLite; API; 数据处理; 安全审计,浙江大学 软件工程 本科,负责企业内部工具后端、权限系统和 API 网关。,实现过审计日志、数据删除和 CSV 导入导出能力。,公开资料显示工程能力强，但招聘业务和产品经验不足。,https://example.com/profile/c004,mock_data,Demo mock 示例数据，工程强但岗位匹配中等。,2026-06-11,未触达,,否,mock_data,(Python AND FastAPI AND API),2026-06-11 09:06:00,中,100,已入库
C005,何嘉,蓝杉咨询,猎头顾问,深圳,8,猎头; 候选人沟通; 行业 mapping; BD; 简历筛选,中山大学 人力资源 本科,长期服务互联网和 SaaS 客户，负责候选人搜寻与沟通。,做过高端岗位人才 mapping，但未体现 AI 产品设计经验。,公开资料显示其熟悉招聘市场和候选人沟通，但产品能力不明确。,https://example.com/profile/c005,mock_data,Demo mock 示例数据，招聘经验强但产品技术弱。,2026-06-11,已联系,已初次沟通，需判断是否转产品岗。,否,mock_data,(猎头 AND 候选人沟通 AND SaaS),2026-06-11 09:08:00,中,100,已入库
C006,唐青,南山广告,品牌策划,成都,3,品牌策划; 内容营销; 活动执行; 小红书运营,四川大学 新闻传播 本科,负责消费品牌传播活动和社媒内容。,参与线下活动执行和品牌手册更新。,公开资料显示其主要在品牌营销领域，和 AI-HR 产品岗位明显不匹配。,https://example.com/profile/c006,mock_data,Demo mock 示例数据，明显不匹配候选人。,2026-06-11,未触达,用于演示低匹配样例。,否,mock_data,(产品经理 OR HR SaaS) AND 品牌策划,2026-06-11 09:10:00,低,100,已入库
C007,宋岚,未明确,未明确,远程,,AI 产品; 招聘工具,,,个人项目提到做过招聘问答机器人，但缺少公司和岗位信息。,资料较少，仅看到 AI 招聘工具关键词，需要人工复核。,,mock_data,Demo mock 示例数据，资料缺失候选人。,2026-06-11,未触达,缺失公司、职位、教育和主页。,否,mock_search,(AI 招聘工具 AND 远程),2026-06-11 09:12:00,低,46,待复核
C008,陆远,东启科技,销售经理,苏州,9,企业销售; 客户拜访; 渠道管理; 回款,苏州大学 市场营销 本科,负责企业客户销售和渠道合作。,管理年度销售目标和代理商培训。,公开资料为销售管理背景，无 AI 产品、招聘系统或数据处理经验。,https://example.com/profile/c008,mock_data,Demo mock 示例数据，排除项样例。,2026-06-11,不再联系,候选人明确表示暂不考虑。,否,mock_data,(企业销售 AND SaaS),2026-06-11 09:14:00,中,100,已入库
C009,安然,Moka,AI-HR 产品经理,西安,10,AI 产品设计; HR SaaS; Prompt; Python; Streamlit; 候选人匹配; 结构化输出; 招聘 CRM; 大模型 API; 证据级解释,未明确,负责 AI 招聘工具、JD 解析、候选人匹配和触达草稿模块，和 HR 团队一起验证招聘效率提升。,主导过候选人评分、证据解释和人工复核工作流 Demo，支持 CSV 导入和审计日志。,公开资料显示其长期关注 AI 产品、HR SaaS、招聘自动化和数据合规，适合 AI-HR 产品岗位。,https://example.com/profile/c009,authorized_talent_pool,high mock 样例；用于演示候选人池多样性。,2026-06-12,未触达,,否,authorized_talent_pool,(AI 产品经理 AND HR SaaS AND 招聘 CRM),2026-06-12 17:03:00,高,92,已入库
C010,白泽,北森云,AI-HR 产品经理,上海,2,AI 产品设计; HR SaaS; Prompt; Python; Streamlit; 候选人匹配; 结构化输出; 招聘 CRM,复旦大学 管理科学 本科,负责 AI 招聘工具、JD 解析、候选人匹配和触达草稿模块，和 HR 团队一起验证招聘效率提升。,主导过候选人评分、证据解释和人工复核工作流 Demo，支持 CSV 导入和审计日志。,公开资料显示其长期关注 AI 产品、HR SaaS、招聘自动化和数据合规，适合 AI-HR 产品岗位。,https://example.com/profile/c010,authorized_talent_pool,high mock 样例；用于演示候选人池多样性。,2026-06-12,未触达,,否,authorized_talent_pool,(AI 产品经理 AND HR SaaS AND 招聘 CRM),2026-06-12 08:10:00,高,100,已入库
C011,蔡晓,脉才科技,AI-HR 产品经理,深圳,4,AI 产品设计; HR SaaS; Prompt; Python; Streamlit; 候选人匹配; 结构化输出; 招聘 CRM,华东师范大学 心理学 硕士,负责 AI 招聘工具、JD 解析、候选人匹配和触达草稿模块，和 HR 团队一起验证招聘效率提升。,主导过候选人评分、证据解释和人工复核工作流 Demo，支持 CSV 导入和审计日志。,公开资料显示其长期关注 AI 产品、HR SaaS、招聘自动化和数据合规，适合 AI-HR 产品岗位。,https://example.com/profile/c011,authorized_talent_pool,high mock 样例；用于演示候选人池多样性。,2026-06-12,未触达,,否,authorized_talent_pool,(AI 产品经理 AND HR SaaS AND 招聘 CRM),2026-06-12 09:17:00,高,100,已入库
C012,丁宁,招聘智能实验室,AI-HR 产品经理,广州,6,AI 产品设计; HR SaaS; Prompt; Python; Streamlit; 候选人匹配; 结构化输出; 招聘 CRM,南京大学 信息管理 硕士,负责 AI 招聘工具、JD 解析、候选人匹配和触达草稿模块，和 HR 团队一起验证招聘效率提升。,主导过候选人评分、证据解释和人工复核工作流 Demo，支持 CSV 导入和审计日志。,公开资料显示其长期关注 AI 产品、HR SaaS、招聘自动化和数据合规，适合 AI-HR 产品岗位。,https://example.com/profile/c012,authorized_talent_pool,high mock 样例；用于演示候选人池多样性。,2026-06-12,未触达,,否,authorized_talent_pool,(AI 产品经理 AND HR SaaS AND 招聘 CRM),2026-06-12 10:24:00,高,100,已入库
C013,方澄,知聘云,AI-HR 产品经理,南京,8,AI 产品设计; HR SaaS; Prompt; Python; Streamlit; 候选人匹配; 结构化输出; 招聘 CRM; 大模型 API; 证据级解释,同济大学 设计创新 本科,负责 AI 招聘工具、JD 解析、候选人匹配和触达草稿模块，和 HR 团队一起验证招聘效率提升。,主导过候选人评分、证据解释和人工复核工作流 Demo，支持 CSV 导入和审计日志。,公开资料显示其长期关注 AI 产品、HR SaaS、招聘自动化和数据合规，适合 AI-HR 产品岗位。,https://example.com/profile/c013,authorized_talent_pool,high mock 样例；用于演示候选人池多样性。,2026-06-12,未触达,,否,authorized_talent_pool,(AI 产品经理 AND HR SaaS AND 招聘 CRM),2026-06-12 11:31:00,高,100,已入库
C014,顾青,启明 HRTech,AI-HR 产品经理,武汉,10,AI 产品设计; HR SaaS; Prompt; Python; Streamlit; 候选人匹配; 结构化输出; 招聘 CRM,未明确,负责 AI 招聘工具、JD 解析、候选人匹配和触达草稿模块，和 HR 团队一起验证招聘效率提升。,主导过候选人评分、证据解释和人工复核工作流 Demo，支持 CSV 导入和审计日志。,公开资料显示其长期关注 AI 产品、HR SaaS、招聘自动化和数据合规，适合 AI-HR 产品岗位。,https://example.com/profile/c014,authorized_talent_pool,high mock 样例；用于演示候选人池多样性。,2026-06-12,未触达,,否,authorized_talent_pool,(AI 产品经理 AND HR SaaS AND 招聘 CRM),2026-06-12 12:38:00,高,92,已入库
C015,韩越,Moka,AI-HR 产品经理,远程,2,AI 产品设计; HR SaaS; Prompt; Python; Streamlit; 候选人匹配; 结构化输出; 招聘 CRM,复旦大学 管理科学 本科,负责 AI 招聘工具、JD 解析、候选人匹配和触达草稿模块，和 HR 团队一起验证招聘效率提升。,主导过候选人评分、证据解释和人工复核工作流 Demo，支持 CSV 导入和审计日志。,公开资料显示其长期关注 AI 产品、HR SaaS、招聘自动化和数据合规，适合 AI-HR 产品岗位。,https://example.com/profile/c015,authorized_talent_pool,high mock 样例；用于演示候选人池多样性。,2026-06-12,未触达,,否,authorized_talent_pool,(AI 产品经理 AND HR SaaS AND 招聘 CRM),2026-06-12 13:45:00,高,100,已入库
C016,姜来,北森云,AI-HR 产品经理,北京,4,AI 产品设计; HR SaaS; Prompt; Python; Streamlit; 候选人匹配; 结构化输出; 招聘 CRM,华东师范大学 心理学 硕士,负责 AI 招聘工具、JD 解析、候选人匹配和触达草稿模块，和 HR 团队一起验证招聘效率提升。,主导过候选人评分、证据解释和人工复核工作流 Demo，支持 CSV 导入和审计日志。,公开资料显示其长期关注 AI 产品、HR SaaS、招聘自动化和数据合规，适合 AI-HR 产品岗位。,https://example.com/profile/c016,authorized_talent_pool,high mock 样例；用于演示候选人池多样性。,2026-06-12,未触达,,否,authorized_talent_pool,(AI 产品经理 AND HR SaaS AND 招聘 CRM),2026-06-12 14:52:00,高,100,已入库
C017,孔棠,脉才科技,AI-HR 产品经理,杭州,6,AI 产品设计; HR SaaS; Prompt; Python; Streamlit; 候选人匹配; 结构化输出; 招聘 CRM; 大模型 API; 证据级解释,南京大学 信息管理 硕士,负责 AI 招聘工具、JD 解析、候选人匹配和触达草稿模块，和 HR 团队一起验证招聘效率提升。,主导过候选人评分、证据解释和人工复核工作流 Demo，支持 CSV 导入和审计日志。,公开资料显示其长期关注 AI 产品、HR SaaS、招聘自动化和数据合规，适合 AI-HR 产品岗位。,https://example.com/profile/c017,authorized_talent_pool,high mock 样例；用于演示候选人池多样性。,2026-06-12,未触达,,否,authorized_talent_pool,(AI 产品经理 AND HR SaaS AND 招聘 CRM),2026-06-12 15:59:00,高,100,已入库
C018,李牧,招聘智能实验室,AI-HR 产品经理,成都,8,AI 产品设计; HR SaaS; Prompt; Python; Streamlit; 候选人匹配; 结构化输出; 招聘 CRM,同济大学 设计创新 本科,负责 AI 招聘工具、JD 解析、候选人匹配和触达草稿模块，和 HR 团队一起验证招聘效率提升。,主导过候选人评分、证据解释和人工复核工作流 Demo，支持 CSV 导入和审计日志。,公开资料显示其长期关注 AI 产品、HR SaaS、招聘自动化和数据合规，适合 AI-HR 产品岗位。,https://example.com/profile/c018,authorized_talent_pool,high mock 样例；用于演示候选人池多样性。,2026-06-12,未触达,,否,authorized_talent_pool,(AI 产品经理 AND HR SaaS AND 招聘 CRM),2026-06-12 16:06:00,高,100,已入库
C019,孟夏,知聘云,AI-HR 产品经理,苏州,10,AI 产品设计; HR SaaS; Prompt; Python; Streamlit; 候选人匹配; 结构化输出; 招聘 CRM,未明确,负责 AI 招聘工具、JD 解析、候选人匹配和触达草稿模块，和 HR 团队一起验证招聘效率提升。,主导过候选人评分、证据解释和人工复核工作流 Demo，支持 CSV 导入和审计日志。,公开资料显示其长期关注 AI 产品、HR SaaS、招聘自动化和数据合规，适合 AI-HR 产品岗位。,https://example.com/profile/c019,authorized_talent_pool,high mock 样例；用于演示候选人池多样性。,2026-06-12,未触达,,否,authorized_talent_pool,(AI 产品经理 AND HR SaaS AND 招聘 CRM),2026-06-12 17:13:00,高,92,已入库
C020,倪舟,启明 HRTech,AI-HR 产品经理,西安,2,AI 产品设计; HR SaaS; Prompt; Python; Streamlit; 候选人匹配; 结构化输出; 招聘 CRM,复旦大学 管理科学 本科,负责 AI 招聘工具、JD 解析、候选人匹配和触达草稿模块，和 HR 团队一起验证招聘效率提升。,主导过候选人评分、证据解释和人工复核工作流 Demo，支持 CSV 导入和审计日志。,公开资料显示其长期关注 AI 产品、HR SaaS、招聘自动化和数据合规，适合 AI-HR 产品岗位。,https://example.com/profile/c020,authorized_talent_pool,high mock 样例；用于演示候选人池多样性。,2026-06-12,未触达,,否,authorized_talent_pool,(AI 产品经理 AND HR SaaS AND 招聘 CRM),2026-06-12 08:20:00,高,100,已入库
C021,欧阳澈,Moka,AI-HR 产品经理,上海,4,AI 产品设计; HR SaaS; Prompt; Python; Streamlit; 候选人匹配; 结构化输出; 招聘 CRM; 大模型 API; 证据级解释,华东师范大学 心理学 硕士,负责 AI 招聘工具、JD 解析、候选人匹配和触达草稿模块，和 HR 团队一起验证招聘效率提升。,主导过候选人评分、证据解释和人工复核工作流 Demo，支持 CSV 导入和审计日志。,公开资料显示其长期关注 AI 产品、HR SaaS、招聘自动化和数据合规，适合 AI-HR 产品岗位。,https://example.com/profile/c021,authorized_talent_pool,high mock 样例；用于演示候选人池多样性。,2026-06-12,未触达,,否,authorized_talent_pool,(AI 产品经理 AND HR SaaS AND 招聘 CRM),2026-06-12 09:27:00,高,100,已入库
C022,彭予,北森云,AI-HR 产品经理,深圳,6,AI 产品设计; HR SaaS; Prompt; Python; Streamlit; 候选人匹配; 结构化输出; 招聘 CRM,南京大学 信息管理 硕士,负责 AI 招聘工具、JD 解析、候选人匹配和触达草稿模块，和 HR 团队一起验证招聘效率提升。,主导过候选人评分、证据解释和人工复核工作流 Demo，支持 CSV 导入和审计日志。,公开资料显示其长期关注 AI 产品、HR SaaS、招聘自动化和数据合规，适合 AI-HR 产品岗位。,https://example.com/profile/c022,authorized_talent_pool,high mock 样例；用于演示候选人池多样性。,2026-06-12,未触达,,否,authorized_talent_pool,(AI 产品经理 AND HR SaaS AND 招聘 CRM),2026-06-12 10:34:00,高,100,已入库
C023,秦川,脉才科技,AI-HR 产品经理,广州,8,AI 产品设计; HR SaaS; Prompt; Python; Streamlit; 候选人匹配; 结构化输出; 招聘 CRM,同济大学 设计创新 本科,负责 AI 招聘工具、JD 解析、候选人匹配和触达草稿模块，和 HR 团队一起验证招聘效率提升。,主导过候选人评分、证据解释和人工复核工作流 Demo，支持 CSV 导入和审计日志。,公开资料显示其长期关注 AI 产品、HR SaaS、招聘自动化和数据合规，适合 AI-HR 产品岗位。,https://example.com/profile/c023,authorized_talent_pool,high mock 样例；用于演示候选人池多样性。,2026-06-12,未触达,,否,authorized_talent_pool,(AI 产品经理 AND HR SaaS AND 招聘 CRM),2026-06-12 11:41:00,高,100,已入库
C024,任溪,招聘智能实验室,AI-HR 产品经理,南京,10,AI 产品设计; HR SaaS; Prompt; Python; Streamlit; 候选人匹配; 结构化输出; 招聘 CRM,未明确,负责 AI 招聘工具、JD 解析、候选人匹配和触达草稿模块，和 HR 团队一起验证招聘效率提升。,主导过候选人评分、证据解释和人工复核工作流 Demo，支持 CSV 导入和审计日志。,公开资料显示其长期关注 AI 产品、HR SaaS、招聘自动化和数据合规，适合 AI-HR 产品岗位。,https://example.com/profile/c024,authorized_talent_pool,high mock 样例；用于演示候选人池多样性。,2026-06-12,未触达,,否,authorized_talent_pool,(AI 产品经理 AND HR SaaS AND 招聘 CRM),2026-06-12 12:48:00,高,92,已入库
C025,沈星,知聘云,AI-HR 产品经理,武汉,2,AI 产品设计; HR SaaS; Prompt; Python; Streamlit; 候选人匹配; 结构化输出; 招聘 CRM; 大模型 API; 证据级解释,复旦大学 管理科学 本科,负责 AI 招聘工具、JD 解析、候选人匹配和触达草稿模块，和 HR 团队一起验证招聘效率提升。,主导过候选人评分、证据解释和人工复核工作流 Demo，支持 CSV 导入和审计日志。,公开资料显示其长期关注 AI 产品、HR SaaS、招聘自动化和数据合规，适合 AI-HR 产品岗位。,https://example.com/profile/c025,authorized_talent_pool,high mock 样例；用于演示候选人池多样性。,2026-06-12,未触达,,否,authorized_talent_pool,(AI 产品经理 AND HR SaaS AND 招聘 CRM),2026-06-12 13:55:00,高,100,已入库
C026,唐棠,启明 HRTech,AI-HR 产品经理,远程,4,AI 产品设计; HR SaaS; Prompt; Python; Streamlit; 候选人匹配; 结构化输出; 招聘 CRM,华东师范大学 心理学 硕士,负责 AI 招聘工具、JD 解析、候选人匹配和触达草稿模块，和 HR 团队一起验证招聘效率提升。,主导过候选人评分、证据解释和人工复核工作流 Demo，支持 CSV 导入和审计日志。,公开资料显示其长期关注 AI 产品、HR SaaS、招聘自动化和数据合规，适合 AI-HR 产品岗位。,https://example.com/profile/c026,authorized_talent_pool,high mock 样例；用于演示候选人池多样性。,2026-06-12,未触达,,否,authorized_talent_pool,(AI 产品经理 AND HR SaaS AND 招聘 CRM),2026-06-12 14:02:00,高,100,已入库
C027,万俟宁,Moka,AI-HR 产品经理,北京,6,AI 产品设计; HR SaaS; Prompt; Python; Streamlit; 候选人匹配; 结构化输出; 招聘 CRM,南京大学 信息管理 硕士,负责 AI 招聘工具、JD 解析、候选人匹配和触达草稿模块，和 HR 团队一起验证招聘效率提升。,主导过候选人评分、证据解释和人工复核工作流 Demo，支持 CSV 导入和审计日志。,公开资料显示其长期关注 AI 产品、HR SaaS、招聘自动化和数据合规，适合 AI-HR 产品岗位。,https://example.com/profile/c027,authorized_talent_pool,high mock 样例；用于演示候选人池多样性。,2026-06-12,未触达,,否,authorized_talent_pool,(AI 产品经理 AND HR SaaS AND 招聘 CRM),2026-06-12 15:09:00,高,100,已入库
C028,夏知,北森云,AI-HR 产品经理,杭州,8,AI 产品设计; HR SaaS; Prompt; Python; Streamlit; 候选人匹配; 结构化输出; 招聘 CRM,同济大学 设计创新 本科,负责 AI 招聘工具、JD 解析、候选人匹配和触达草稿模块，和 HR 团队一起验证招聘效率提升。,主导过候选人评分、证据解释和人工复核工作流 Demo，支持 CSV 导入和审计日志。,公开资料显示其长期关注 AI 产品、HR SaaS、招聘自动化和数据合规，适合 AI-HR 产品岗位。,https://example.com/profile/c028,authorized_talent_pool,high mock 样例；用于演示候选人池多样性。,2026-06-12,未触达,,否,authorized_talent_pool,(AI 产品经理 AND HR SaaS AND 招聘 CRM),2026-06-12 16:16:00,高,100,已入库
C029,叶栩,脉才科技,AI-HR 产品经理,成都,10,AI 产品设计; HR SaaS; Prompt; Python; Streamlit; 候选人匹配; 结构化输出; 招聘 CRM; 大模型 API; 证据级解释,未明确,负责 AI 招聘工具、JD 解析、候选人匹配和触达草稿模块，和 HR 团队一起验证招聘效率提升。,主导过候选人评分、证据解释和人工复核工作流 Demo，支持 CSV 导入和审计日志。,公开资料显示其长期关注 AI 产品、HR SaaS、招聘自动化和数据合规，适合 AI-HR 产品岗位。,https://example.com/profile/c029,authorized_talent_pool,high mock 样例；用于演示候选人池多样性。,2026-06-12,未触达,,否,authorized_talent_pool,(AI 产品经理 AND HR SaaS AND 招聘 CRM),2026-06-12 17:23:00,高,92,已入库
C030,赵简,招聘智能实验室,AI-HR 产品经理,苏州,2,AI 产品设计; HR SaaS; Prompt; Python; Streamlit; 候选人匹配; 结构化输出; 招聘 CRM,复旦大学 管理科学 本科,负责 AI 招聘工具、JD 解析、候选人匹配和触达草稿模块，和 HR 团队一起验证招聘效率提升。,主导过候选人评分、证据解释和人工复核工作流 Demo，支持 CSV 导入和审计日志。,公开资料显示其长期关注 AI 产品、HR SaaS、招聘自动化和数据合规，适合 AI-HR 产品岗位。,https://example.com/profile/c030,authorized_talent_pool,high mock 样例；用于演示候选人池多样性。,2026-06-12,未触达,,否,authorized_talent_pool,(AI 产品经理 AND HR SaaS AND 招聘 CRM),2026-06-12 08:30:00,高,100,已入库
C031,朱弦,纷享云,B2B SaaS 产品经理,西安,2,B2B SaaS; CRM; 数据看板; 用户调研; PRD; 权限系统; 工作流,复旦大学 管理科学 本科,负责企业服务产品模块，从客户访谈、需求拆解到上线复盘，熟悉 SaaS 交付节奏。,做过 CRM 漏斗分析和自动化工作流，但招聘业务、AI API 和 Prompt 经验需要补充确认。,公开资料显示其产品基本功较强，行业为企业服务，和 HR SaaS 有迁移可能。,https://example.com/profile/c031,public_profile,partial_product mock 样例；用于演示候选人池多样性。,2026-06-12,未触达,,否,public_profile,(B2B SaaS 产品经理 AND CRM AND 数据看板),2026-06-12 09:37:00,中,100,已入库
C032,程一,企服增长科技,B2B SaaS 产品经理,上海,4,B2B SaaS; CRM; 数据看板; 用户调研; PRD; 权限系统; 工作流,华东师范大学 心理学 硕士,负责企业服务产品模块，从客户访谈、需求拆解到上线复盘，熟悉 SaaS 交付节奏。,做过 CRM 漏斗分析和自动化工作流，但招聘业务、AI API 和 Prompt 经验需要补充确认。,公开资料显示其产品基本功较强，行业为企业服务，和 HR SaaS 有迁移可能。,https://example.com/profile/c032,public_profile,partial_product mock 样例；用于演示候选人池多样性。,2026-06-12,未触达,,否,public_profile,(B2B SaaS 产品经理 AND CRM AND 数据看板),2026-06-12 10:44:00,中,100,已入库
C033,杜若,明道云,B2B SaaS 产品经理,深圳,6,B2B SaaS; CRM; 数据看板; 用户调研; PRD; 权限系统; 工作流,南京大学 信息管理 硕士,负责企业服务产品模块，从客户访谈、需求拆解到上线复盘，熟悉 SaaS 交付节奏。,做过 CRM 漏斗分析和自动化工作流，但招聘业务、AI API 和 Prompt 经验需要补充确认。,公开资料显示其产品基本功较强，行业为企业服务，和 HR SaaS 有迁移可能。,https://example.com/profile/c033,public_profile,partial_product mock 样例；用于演示候选人池多样性。,2026-06-12,未触达,,否,public_profile,(B2B SaaS 产品经理 AND CRM AND 数据看板),2026-06-12 11:51:00,中,100,已入库
C034,冯时,销售易生态,B2B SaaS 产品经理,广州,8,B2B SaaS; CRM; 数据看板; 用户调研; PRD; 权限系统; 工作流,同济大学 设计创新 本科,负责企业服务产品模块，从客户访谈、需求拆解到上线复盘，熟悉 SaaS 交付节奏。,做过 CRM 漏斗分析和自动化工作流，但招聘业务、AI API 和 Prompt 经验需要补充确认。,公开资料显示其产品基本功较强，行业为企业服务，和 HR SaaS 有迁移可能。,https://example.com/profile/c034,public_profile,partial_product mock 样例；用于演示候选人池多样性。,2026-06-12,未触达,,否,public_profile,(B2B SaaS 产品经理 AND CRM AND 数据看板),2026-06-12 12:58:00,中,100,已入库
C035,高临,帆软伙伴,B2B SaaS 产品经理,南京,10,B2B SaaS; CRM; 数据看板; 用户调研; PRD; 权限系统; 工作流,未明确,负责企业服务产品模块，从客户访谈、需求拆解到上线复盘，熟悉 SaaS 交付节奏。,做过 CRM 漏斗分析和自动化工作流，但招聘业务、AI API 和 Prompt 经验需要补充确认。,公开资料显示其产品基本功较强，行业为企业服务，和 HR SaaS 有迁移可能。,https://example.com/profile/c035,public_profile,partial_product mock 样例；用于演示候选人池多样性。,2026-06-12,未触达,,否,public_profile,(B2B SaaS 产品经理 AND CRM AND 数据看板),2026-06-12 13:05:00,中,92,已入库
C036,黄言,轻流科技,B2B SaaS 产品经理,武汉,2,B2B SaaS; CRM; 数据看板; 用户调研; PRD; 权限系统; 工作流,复旦大学 管理科学 本科,负责企业服务产品模块，从客户访谈、需求拆解到上线复盘，熟悉 SaaS 交付节奏。,做过 CRM 漏斗分析和自动化工作流，但招聘业务、AI API 和 Prompt 经验需要补充确认。,公开资料显示其产品基本功较强，行业为企业服务，和 HR SaaS 有迁移可能。,https://example.com/profile/c036,public_profile,partial_product mock 样例；用于演示候选人池多样性。,2026-06-12,未触达,,否,public_profile,(B2B SaaS 产品经理 AND CRM AND 数据看板),2026-06-12 14:12:00,中,100,已入库
C037,季禾,纷享云,B2B SaaS 产品经理,远程,4,B2B SaaS; CRM; 数据看板; 用户调研; PRD; 权限系统; 工作流,华东师范大学 心理学 硕士,负责企业服务产品模块，从客户访谈、需求拆解到上线复盘，熟悉 SaaS 交付节奏。,做过 CRM 漏斗分析和自动化工作流，但招聘业务、AI API 和 Prompt 经验需要补充确认。,公开资料显示其产品基本功较强，行业为企业服务，和 HR SaaS 有迁移可能。,https://example.com/profile/c037,public_profile,partial_product mock 样例；用于演示候选人池多样性。,2026-06-12,待人工确认,已有草稿，等待 HR 复核。,否,public_profile,(B2B SaaS 产品经理 AND CRM AND 数据看板),2026-06-12 15:19:00,中,100,已入库
C038,赖可,企服增长科技,B2B SaaS 产品经理,北京,6,B2B SaaS; CRM; 数据看板; 用户调研; PRD; 权限系统; 工作流,南京大学 信息管理 硕士,负责企业服务产品模块，从客户访谈、需求拆解到上线复盘，熟悉 SaaS 交付节奏。,做过 CRM 漏斗分析和自动化工作流，但招聘业务、AI API 和 Prompt 经验需要补充确认。,公开资料显示其产品基本功较强，行业为企业服务，和 HR SaaS 有迁移可能。,https://example.com/profile/c038,public_profile,partial_product mock 样例；用于演示候选人池多样性。,2026-06-12,未触达,,否,public_profile,(B2B SaaS 产品经理 AND CRM AND 数据看板),2026-06-12 16:26:00,中,100,已入库
C039,罗清,明道云,B2B SaaS 产品经理,杭州,8,B2B SaaS; CRM; 数据看板; 用户调研; PRD; 权限系统; 工作流,同济大学 设计创新 本科,负责企业服务产品模块，从客户访谈、需求拆解到上线复盘，熟悉 SaaS 交付节奏。,做过 CRM 漏斗分析和自动化工作流，但招聘业务、AI API 和 Prompt 经验需要补充确认。,公开资料显示其产品基本功较强，行业为企业服务，和 HR SaaS 有迁移可能。,https://example.com/profile/c039,public_profile,partial_product mock 样例；用于演示候选人池多样性。,2026-06-12,未触达,,否,public_profile,(B2B SaaS 产品经理 AND CRM AND 数据看板),2026-06-12 17:33:00,中,100,已入库
C040,马远,销售易生态,B2B SaaS 产品经理,成都,10,B2B SaaS; CRM; 数据看板; 用户调研; PRD; 权限系统; 工作流,未明确,负责企业服务产品模块，从客户访谈、需求拆解到上线复盘，熟悉 SaaS 交付节奏。,做过 CRM 漏斗分析和自动化工作流，但招聘业务、AI API 和 Prompt 经验需要补充确认。,公开资料显示其产品基本功较强，行业为企业服务，和 HR SaaS 有迁移可能。,https://example.com/profile/c040,public_profile,partial_product mock 样例；用于演示候选人池多样性。,2026-06-12,未触达,,否,public_profile,(B2B SaaS 产品经理 AND CRM AND 数据看板),2026-06-12 08:40:00,中,92,已入库
C041,南星,帆软伙伴,B2B SaaS 产品经理,苏州,2,B2B SaaS; CRM; 数据看板; 用户调研; PRD; 权限系统; 工作流,复旦大学 管理科学 本科,负责企业服务产品模块，从客户访谈、需求拆解到上线复盘，熟悉 SaaS 交付节奏。,做过 CRM 漏斗分析和自动化工作流，但招聘业务、AI API 和 Prompt 经验需要补充确认。,公开资料显示其产品基本功较强，行业为企业服务，和 HR SaaS 有迁移可能。,https://example.com/profile/c041,public_profile,partial_product mock 样例；用于演示候选人池多样性。,2026-06-12,未触达,,否,public_profile,(B2B SaaS 产品经理 AND CRM AND 数据看板),2026-06-12 09:47:00,中,100,已入库
C042,裴朗,轻流科技,B2B SaaS 产品经理,西安,4,B2B SaaS; CRM; 数据看板; 用户调研; PRD; 权限系统; 工作流,华东师范大学 心理学 硕士,负责企业服务产品模块，从客户访谈、需求拆解到上线复盘，熟悉 SaaS 交付节奏。,做过 CRM 漏斗分析和自动化工作流，但招聘业务、AI API 和 Prompt 经验需要补充确认。,公开资料显示其产品基本功较强，行业为企业服务，和 HR SaaS 有迁移可能。,https://example.com/profile/c042,public_profile,partial_product mock 样例；用于演示候选人池多样性。,2026-06-12,未触达,,否,public_profile,(B2B SaaS 产品经理 AND CRM AND 数据看板),2026-06-12 10:54:00,中,100,已入库
C043,钱序,纷享云,B2B SaaS 产品经理,上海,6,B2B SaaS; CRM; 数据看板; 用户调研; PRD; 权限系统; 工作流,南京大学 信息管理 硕士,负责企业服务产品模块，从客户访谈、需求拆解到上线复盘，熟悉 SaaS 交付节奏。,做过 CRM 漏斗分析和自动化工作流，但招聘业务、AI API 和 Prompt 经验需要补充确认。,公开资料显示其产品基本功较强，行业为企业服务，和 HR SaaS 有迁移可能。,https://example.com/profile/c043,public_profile,partial_product mock 样例；用于演示候选人池多样性。,2026-06-12,未触达,,否,public_profile,(B2B SaaS 产品经理 AND CRM AND 数据看板),2026-06-12 11:01:00,中,100,已入库
C044,饶真,企服增长科技,B2B SaaS 产品经理,深圳,8,B2B SaaS; CRM; 数据看板; 用户调研; PRD; 权限系统; 工作流,同济大学 设计创新 本科,负责企业服务产品模块，从客户访谈、需求拆解到上线复盘，熟悉 SaaS 交付节奏。,做过 CRM 漏斗分析和自动化工作流，但招聘业务、AI API 和 Prompt 经验需要补充确认。,公开资料显示其产品基本功较强，行业为企业服务，和 HR SaaS 有迁移可能。,https://example.com/profile/c044,public_profile,partial_product mock 样例；用于演示候选人池多样性。,2026-06-12,未触达,,否,public_profile,(B2B SaaS 产品经理 AND CRM AND 数据看板),2026-06-12 12:08:00,中,100,已入库
C045,苏禾,明道云,B2B SaaS 产品经理,广州,10,B2B SaaS; CRM; 数据看板; 用户调研; PRD; 权限系统; 工作流,未明确,负责企业服务产品模块，从客户访谈、需求拆解到上线复盘，熟悉 SaaS 交付节奏。,做过 CRM 漏斗分析和自动化工作流，但招聘业务、AI API 和 Prompt 经验需要补充确认。,公开资料显示其产品基本功较强，行业为企业服务，和 HR SaaS 有迁移可能。,https://example.com/profile/c045,public_profile,partial_product mock 样例；用于演示候选人池多样性。,2026-06-12,未触达,,否,public_profile,(B2B SaaS 产品经理 AND CRM AND 数据看板),2026-06-12 13:15:00,中,92,已入库
C046,田原,销售易生态,B2B SaaS 产品经理,南京,2,B2B SaaS; CRM; 数据看板; 用户调研; PRD; 权限系统; 工作流,复旦大学 管理科学 本科,负责企业服务产品模块，从客户访谈、需求拆解到上线复盘，熟悉 SaaS 交付节奏。,做过 CRM 漏斗分析和自动化工作流，但招聘业务、AI API 和 Prompt 经验需要补充确认。,公开资料显示其产品基本功较强，行业为企业服务，和 HR SaaS 有迁移可能。,https://example.com/profile/c046,public_profile,partial_product mock 样例；用于演示候选人池多样性。,2026-06-12,不再联系,候选人已明确不希望继续沟通。,否,public_profile,(B2B SaaS 产品经理 AND CRM AND 数据看板),2026-06-12 14:22:00,中,100,已入库
C047,乌铭,帆软伙伴,B2B SaaS 产品经理,武汉,4,B2B SaaS; CRM; 数据看板; 用户调研; PRD; 权限系统; 工作流,华东师范大学 心理学 硕士,负责企业服务产品模块，从客户访谈、需求拆解到上线复盘，熟悉 SaaS 交付节奏。,做过 CRM 漏斗分析和自动化工作流，但招聘业务、AI API 和 Prompt 经验需要补充确认。,公开资料显示其产品基本功较强，行业为企业服务，和 HR SaaS 有迁移可能。,https://example.com/profile/c047,public_profile,partial_product mock 样例；用于演示候选人池多样性。,2026-06-12,未触达,,否,public_profile,(B2B SaaS 产品经理 AND CRM AND 数据看板),2026-06-12 15:29:00,中,100,已入库
C048,魏蓝,轻流科技,B2B SaaS 产品经理,远程,6,B2B SaaS; CRM; 数据看板; 用户调研; PRD; 权限系统; 工作流,南京大学 信息管理 硕士,负责企业服务产品模块，从客户访谈、需求拆解到上线复盘，熟悉 SaaS 交付节奏。,做过 CRM 漏斗分析和自动化工作流，但招聘业务、AI API 和 Prompt 经验需要补充确认。,公开资料显示其产品基本功较强，行业为企业服务，和 HR SaaS 有迁移可能。,https://example.com/profile/c048,public_profile,partial_product mock 样例；用于演示候选人池多样性。,2026-06-12,未触达,,否,public_profile,(B2B SaaS 产品经理 AND CRM AND 数据看板),2026-06-12 16:36:00,中,100,已入库
C049,徐知,星程人才,招聘运营负责人,成都,10,招聘运营; 人才库; 候选人沟通; Excel; 招聘漏斗; 面试协同,未明确,负责多岗位招聘运营、候选人池维护、面试排期和招聘数据复盘。,搭建过人才库标签和周报模板，但缺少产品设计和大模型 API 经验。,公开资料体现招聘业务经验和候选人沟通能力，适合业务顾问型复核。,https://example.com/profile/c049,csv_upload,hr_ops mock 样例；用于演示候选人池多样性。,2026-06-12,未触达,,否,csv_upload,(招聘运营 AND 人才库 AND 候选人沟通),2026-06-12 17:43:00,中,92,已入库
C050,杨澈,未来组织咨询,招聘运营负责人,苏州,2,招聘运营; 人才库; 候选人沟通; Excel; 招聘漏斗; 面试协同,复旦大学 管理科学 本科,负责多岗位招聘运营、候选人池维护、面试排期和招聘数据复盘。,搭建过人才库标签和周报模板，但缺少产品设计和大模型 API 经验。,公开资料体现招聘业务经验和候选人沟通能力，适合业务顾问型复核。,https://example.com/profile/c050,csv_upload,hr_ops mock 样例；用于演示候选人池多样性。,2026-06-12,未触达,,否,csv_upload,(招聘运营 AND 人才库 AND 候选人沟通),2026-06-12 08:50:00,中,100,已入库
C051,张弛,智联项目组,招聘运营负责人,西安,4,招聘运营; 人才库; 候选人沟通; Excel; 招聘漏斗; 面试协同,华东师范大学 心理学 硕士,负责多岗位招聘运营、候选人池维护、面试排期和招聘数据复盘。,搭建过人才库标签和周报模板，但缺少产品设计和大模型 API 经验。,公开资料体现招聘业务经验和候选人沟通能力，适合业务顾问型复核。,https://example.com/profile/c051,csv_upload,hr_ops mock 样例；用于演示候选人池多样性。,2026-06-12,未触达,,否,csv_upload,(招聘运营 AND 人才库 AND 候选人沟通),2026-06-12 09:57:00,中,100,已入库
C052,钟白,云聘运营中心,招聘运营负责人,上海,6,招聘运营; 人才库; 候选人沟通; Excel; 招聘漏斗; 面试协同,南京大学 信息管理 硕士,负责多岗位招聘运营、候选人池维护、面试排期和招聘数据复盘。,搭建过人才库标签和周报模板，但缺少产品设计和大模型 API 经验。,公开资料体现招聘业务经验和候选人沟通能力，适合业务顾问型复核。,https://example.com/profile/c052,csv_upload,hr_ops mock 样例；用于演示候选人池多样性。,2026-06-12,未触达,,否,csv_upload,(招聘运营 AND 人才库 AND 候选人沟通),2026-06-12 10:04:00,中,100,已入库
C053,邹雨,峰启人力,招聘运营负责人,深圳,8,招聘运营; 人才库; 候选人沟通; Excel; 招聘漏斗; 面试协同,同济大学 设计创新 本科,负责多岗位招聘运营、候选人池维护、面试排期和招聘数据复盘。,搭建过人才库标签和周报模板，但缺少产品设计和大模型 API 经验。,公开资料体现招聘业务经验和候选人沟通能力，适合业务顾问型复核。,https://example.com/profile/c053,csv_upload,hr_ops mock 样例；用于演示候选人池多样性。,2026-06-12,未触达,,否,csv_upload,(招聘运营 AND 人才库 AND 候选人沟通),2026-06-12 11:11:00,中,100,已入库
C054,曹景,星程人才,招聘运营负责人,广州,10,招聘运营; 人才库; 候选人沟通; Excel; 招聘漏斗; 面试协同,未明确,负责多岗位招聘运营、候选人池维护、面试排期和招聘数据复盘。,搭建过人才库标签和周报模板，但缺少产品设计和大模型 API 经验。,公开资料体现招聘业务经验和候选人沟通能力，适合业务顾问型复核。,https://example.com/profile/c054,csv_upload,hr_ops mock 样例；用于演示候选人池多样性。,2026-06-12,未触达,,否,csv_upload,(招聘运营 AND 人才库 AND 候选人沟通),2026-06-12 12:18:00,中,92,已入库
C055,戴晴,未来组织咨询,招聘运营负责人,南京,2,招聘运营; 人才库; 候选人沟通; Excel; 招聘漏斗; 面试协同,复旦大学 管理科学 本科,负责多岗位招聘运营、候选人池维护、面试排期和招聘数据复盘。,搭建过人才库标签和周报模板，但缺少产品设计和大模型 API 经验。,公开资料体现招聘业务经验和候选人沟通能力，适合业务顾问型复核。,https://example.com/profile/c055,csv_upload,hr_ops mock 样例；用于演示候选人池多样性。,2026-06-12,未触达,,否,csv_upload,(招聘运营 AND 人才库 AND 候选人沟通),2026-06-12 13:25:00,中,100,已入库
C056,贺川,智联项目组,招聘运营负责人,武汉,4,招聘运营; 人才库; 候选人沟通; Excel; 招聘漏斗; 面试协同,华东师范大学 心理学 硕士,负责多岗位招聘运营、候选人池维护、面试排期和招聘数据复盘。,搭建过人才库标签和周报模板，但缺少产品设计和大模型 API 经验。,公开资料体现招聘业务经验和候选人沟通能力，适合业务顾问型复核。,https://example.com/profile/c056,csv_upload,hr_ops mock 样例；用于演示候选人池多样性。,2026-06-12,未触达,,否,csv_upload,(招聘运营 AND 人才库 AND 候选人沟通),2026-06-12 14:32:00,中,100,已入库
C057,梁舟,云聘运营中心,招聘运营负责人,远程,6,招聘运营; 人才库; 候选人沟通; Excel; 招聘漏斗; 面试协同,南京大学 信息管理 硕士,负责多岗位招聘运营、候选人池维护、面试排期和招聘数据复盘。,搭建过人才库标签和周报模板，但缺少产品设计和大模型 API 经验。,公开资料体现招聘业务经验和候选人沟通能力，适合业务顾问型复核。,https://example.com/profile/c057,csv_upload,hr_ops mock 样例；用于演示候选人池多样性。,2026-06-12,未触达,,否,csv_upload,(招聘运营 AND 人才库 AND 候选人沟通),2026-06-12 15:39:00,中,100,已入库
C058,莫宁,峰启人力,招聘运营负责人,北京,8,招聘运营; 人才库; 候选人沟通; Excel; 招聘漏斗; 面试协同,同济大学 设计创新 本科,负责多岗位招聘运营、候选人池维护、面试排期和招聘数据复盘。,搭建过人才库标签和周报模板，但缺少产品设计和大模型 API 经验。,公开资料体现招聘业务经验和候选人沟通能力，适合业务顾问型复核。,https://example.com/profile/c058,csv_upload,hr_ops mock 样例；用于演示候选人池多样性。,2026-06-12,待人工确认,已有草稿，等待 HR 复核。,否,csv_upload,(招聘运营 AND 人才库 AND 候选人沟通),2026-06-12 16:46:00,中,100,已入库
C059,潘越,星程人才,招聘运营负责人,杭州,10,招聘运营; 人才库; 候选人沟通; Excel; 招聘漏斗; 面试协同,未明确,负责多岗位招聘运营、候选人池维护、面试排期和招聘数据复盘。,搭建过人才库标签和周报模板，但缺少产品设计和大模型 API 经验。,公开资料体现招聘业务经验和候选人沟通能力，适合业务顾问型复核。,https://example.com/profile/c059,csv_upload,hr_ops mock 样例；用于演示候选人池多样性。,2026-06-12,未触达,,否,csv_upload,(招聘运营 AND 人才库 AND 候选人沟通),2026-06-12 17:53:00,中,92,已入库
C060,乔予,未来组织咨询,招聘运营负责人,成都,2,招聘运营; 人才库; 候选人沟通; Excel; 招聘漏斗; 面试协同,复旦大学 管理科学 本科,负责多岗位招聘运营、候选人池维护、面试排期和招聘数据复盘。,搭建过人才库标签和周报模板，但缺少产品设计和大模型 API 经验。,公开资料体现招聘业务经验和候选人沟通能力，适合业务顾问型复核。,https://example.com/profile/c060,csv_upload,hr_ops mock 样例；用于演示候选人池多样性。,2026-06-12,未触达,,否,csv_upload,(招聘运营 AND 人才库 AND 候选人沟通),2026-06-12 08:00:00,中,100,已入库
C061,邵岚,云栖网络,Python 后端工程师,南京,2,Python; FastAPI; API; PostgreSQL; 数据处理; 权限系统; 审计日志,复旦大学 管理科学 本科,负责企业内部工具后端、数据导入导出、权限控制和接口稳定性。,实现过简历解析管道或文本抽取服务，但没有直接负责产品方案和招聘流程设计。,公开资料体现工程实现能力，适合技术合伙或全栈支持，不是标准产品候选人。,https://example.com/profile/c061,ats,engineer mock 样例；用于演示候选人池多样性。,2026-06-12,未触达,,否,ats,(Python AND FastAPI AND 数据处理),2026-06-12 09:07:00,高,100,已入库
C062,佟安,数舟科技,Python 后端工程师,武汉,4,Python; FastAPI; API; PostgreSQL; 数据处理; 权限系统; 审计日志,华东师范大学 心理学 硕士,负责企业内部工具后端、数据导入导出、权限控制和接口稳定性。,实现过简历解析管道或文本抽取服务，但没有直接负责产品方案和招聘流程设计。,公开资料体现工程实现能力，适合技术合伙或全栈支持，不是标准产品候选人。,https://example.com/profile/c062,ats,engineer mock 样例；用于演示候选人池多样性。,2026-06-12,未触达,,否,ats,(Python AND FastAPI AND 数据处理),2026-06-12 10:14:00,高,100,已入库
C063,王屿,凌云数据,Python 后端工程师,远程,6,Python; FastAPI; API; PostgreSQL; 数据处理; 权限系统; 审计日志,南京大学 信息管理 硕士,负责企业内部工具后端、数据导入导出、权限控制和接口稳定性。,实现过简历解析管道或文本抽取服务，但没有直接负责产品方案和招聘流程设计。,公开资料体现工程实现能力，适合技术合伙或全栈支持，不是标准产品候选人。,https://example.com/profile/c063,ats,engineer mock 样例；用于演示候选人池多样性。,2026-06-12,未触达,,否,ats,(Python AND FastAPI AND 数据处理),2026-06-12 11:21:00,高,100,已入库
C064,谢衡,青石安全,Python 后端工程师,北京,8,Python; FastAPI; API; PostgreSQL; 数据处理; 权限系统; 审计日志,同济大学 设计创新 本科,负责企业内部工具后端、数据导入导出、权限控制和接口稳定性。,实现过简历解析管道或文本抽取服务，但没有直接负责产品方案和招聘流程设计。,公开资料体现工程实现能力，适合技术合伙或全栈支持，不是标准产品候选人。,https://example.com/profile/c064,ats,engineer mock 样例；用于演示候选人池多样性。,2026-06-12,未触达,,否,ats,(Python AND FastAPI AND 数据处理),2026-06-12 12:28:00,高,100,已入库
C065,姚清,极简 API,Python 后端工程师,杭州,10,Python; FastAPI; API; PostgreSQL; 数据处理; 权限系统; 审计日志,未明确,负责企业内部工具后端、数据导入导出、权限控制和接口稳定性。,实现过简历解析管道或文本抽取服务，但没有直接负责产品方案和招聘流程设计。,公开资料体现工程实现能力，适合技术合伙或全栈支持，不是标准产品候选人。,https://example.com/profile/c065,ats,engineer mock 样例；用于演示候选人池多样性。,2026-06-12,未触达,,否,ats,(Python AND FastAPI AND 数据处理),2026-06-12 13:35:00,高,92,已入库
C066,郑然,鲸算科技,Python 后端工程师,成都,2,Python; FastAPI; API; PostgreSQL; 数据处理; 权限系统; 审计日志,复旦大学 管理科学 本科,负责企业内部工具后端、数据导入导出、权限控制和接口稳定性。,实现过简历解析管道或文本抽取服务，但没有直接负责产品方案和招聘流程设计。,公开资料体现工程实现能力，适合技术合伙或全栈支持，不是标准产品候选人。,https://example.com/profile/c066,ats,engineer mock 样例；用于演示候选人池多样性。,2026-06-12,未触达,,否,ats,(Python AND FastAPI AND 数据处理),2026-06-12 14:42:00,高,100,已入库
C067,简宁,云栖网络,Python 后端工程师,苏州,4,Python; FastAPI; API; PostgreSQL; 数据处理; 权限系统; 审计日志,华东师范大学 心理学 硕士,负责企业内部工具后端、数据导入导出、权限控制和接口稳定性。,实现过简历解析管道或文本抽取服务，但没有直接负责产品方案和招聘流程设计。,公开资料体现工程实现能力，适合技术合伙或全栈支持，不是标准产品候选人。,https://example.com/profile/c067,ats,engineer mock 样例；用于演示候选人池多样性。,2026-06-12,黑名单,合规演示：黑名单候选人不可触达。,是,ats,(Python AND FastAPI AND 数据处理),2026-06-12 15:49:00,高,100,已入库
C068,蓝一,数舟科技,Python 后端工程师,西安,6,Python; FastAPI; API; PostgreSQL; 数据处理; 权限系统; 审计日志,南京大学 信息管理 硕士,负责企业内部工具后端、数据导入导出、权限控制和接口稳定性。,实现过简历解析管道或文本抽取服务，但没有直接负责产品方案和招聘流程设计。,公开资料体现工程实现能力，适合技术合伙或全栈支持，不是标准产品候选人。,https://example.com/profile/c068,ats,engineer mock 样例；用于演示候选人池多样性。,2026-06-12,未触达,,否,ats,(Python AND FastAPI AND 数据处理),2026-06-12 16:56:00,高,100,已入库
C069,安然,凌云数据,Python 后端工程师,上海,8,Python; FastAPI; API; PostgreSQL; 数据处理; 权限系统; 审计日志,同济大学 设计创新 本科,负责企业内部工具后端、数据导入导出、权限控制和接口稳定性。,实现过简历解析管道或文本抽取服务，但没有直接负责产品方案和招聘流程设计。,公开资料体现工程实现能力，适合技术合伙或全栈支持，不是标准产品候选人。,https://example.com/profile/c069,ats,engineer mock 样例；用于演示候选人池多样性。,2026-06-12,未触达,,否,ats,(Python AND FastAPI AND 数据处理),2026-06-12 17:03:00,高,100,已入库
C070,白泽,青石安全,Python 后端工程师,深圳,10,Python; FastAPI; API; PostgreSQL; 数据处理; 权限系统; 审计日志,未明确,负责企业内部工具后端、数据导入导出、权限控制和接口稳定性。,实现过简历解析管道或文本抽取服务，但没有直接负责产品方案和招聘流程设计。,公开资料体现工程实现能力，适合技术合伙或全栈支持，不是标准产品候选人。,https://example.com/profile/c070,ats,engineer mock 样例；用于演示候选人池多样性。,2026-06-12,未触达,,否,ats,(Python AND FastAPI AND 数据处理),2026-06-12 08:10:00,高,92,已入库
C071,蔡晓,极简 API,Python 后端工程师,广州,2,Python; FastAPI; API; PostgreSQL; 数据处理; 权限系统; 审计日志,复旦大学 管理科学 本科,负责企业内部工具后端、数据导入导出、权限控制和接口稳定性。,实现过简历解析管道或文本抽取服务，但没有直接负责产品方案和招聘流程设计。,公开资料体现工程实现能力，适合技术合伙或全栈支持，不是标准产品候选人。,https://example.com/profile/c071,ats,engineer mock 样例；用于演示候选人池多样性。,2026-06-12,未触达,,否,ats,(Python AND FastAPI AND 数据处理),2026-06-12 09:17:00,高,100,已入库
C072,丁宁,鲸算科技,Python 后端工程师,南京,4,Python; FastAPI; API; PostgreSQL; 数据处理; 权限系统; 审计日志,华东师范大学 心理学 硕士,负责企业内部工具后端、数据导入导出、权限控制和接口稳定性。,实现过简历解析管道或文本抽取服务，但没有直接负责产品方案和招聘流程设计。,公开资料体现工程实现能力，适合技术合伙或全栈支持，不是标准产品候选人。,https://example.com/profile/c072,ats,engineer mock 样例；用于演示候选人池多样性。,2026-06-12,未触达,,否,ats,(Python AND FastAPI AND 数据处理),2026-06-12 10:24:00,高,100,已入库
C073,方澄,云栖网络,Python 后端工程师,武汉,6,Python; FastAPI; API; PostgreSQL; 数据处理; 权限系统; 审计日志,南京大学 信息管理 硕士,负责企业内部工具后端、数据导入导出、权限控制和接口稳定性。,实现过简历解析管道或文本抽取服务，但没有直接负责产品方案和招聘流程设计。,公开资料体现工程实现能力，适合技术合伙或全栈支持，不是标准产品候选人。,https://example.com/profile/c073,ats,engineer mock 样例；用于演示候选人池多样性。,2026-06-12,未触达,,否,ats,(Python AND FastAPI AND 数据处理),2026-06-12 11:31:00,高,100,已入库
C074,顾青,南山广告,品牌运营,武汉,5,品牌策划; 社媒运营; 活动执行; 内容营销; 门店管理; 客户服务; 纯销售,浙江大学 软件工程 本科,负责品牌内容、线下活动或门店运营，主要工作不涉及 AI 产品、HR SaaS 或招聘系统。,参与营销活动复盘和供应商协调，与候选人匹配、Prompt 或数据处理无直接关系。,公开资料与 AI-HR 产品岗位明显不匹配，用于演示低分和排除样例。,https://example.com/profile/c074,mock_search,unmatched mock 样例；用于演示候选人池多样性。,2026-06-12,未触达,,否,mock_search,(产品经理 OR HR SaaS) AND 品牌运营,2026-06-12 12:38:00,低,100,待复核
C075,韩越,海岸传媒,品牌运营,远程,7,品牌策划; 社媒运营; 活动执行; 内容营销; 门店管理; 客户服务,中山大学 工商管理 本科,负责品牌内容、线下活动或门店运营，主要工作不涉及 AI 产品、HR SaaS 或招聘系统。,参与营销活动复盘和供应商协调，与候选人匹配、Prompt 或数据处理无直接关系。,公开资料与 AI-HR 产品岗位明显不匹配，用于演示低分和排除样例。,https://example.com/profile/c075,mock_search,unmatched mock 样例；用于演示候选人池多样性。,2026-06-12,未触达,,否,mock_search,(产品经理 OR HR SaaS) AND 品牌运营,2026-06-12 13:45:00,低,100,待复核
C076,姜来,橙子生活,品牌运营,北京,9,品牌策划; 社媒运营; 活动执行; 内容营销; 门店管理; 客户服务,,负责品牌内容、线下活动或门店运营，主要工作不涉及 AI 产品、HR SaaS 或招聘系统。,参与营销活动复盘和供应商协调，与候选人匹配、Prompt 或数据处理无直接关系。,公开资料与 AI-HR 产品岗位明显不匹配，用于演示低分和排除样例。,https://example.com/profile/c076,mock_search,unmatched mock 样例；用于演示候选人池多样性。,2026-06-12,未触达,,否,mock_search,(产品经理 OR HR SaaS) AND 品牌运营,2026-06-12 14:52:00,低,92,待复核
C077,孔棠,绿洲文旅,品牌运营,杭州,1,品牌策划; 社媒运营; 活动执行; 内容营销; 门店管理; 客户服务,上海交通大学 工业工程 本科,负责品牌内容、线下活动或门店运营，主要工作不涉及 AI 产品、HR SaaS 或招聘系统。,参与营销活动复盘和供应商协调，与候选人匹配、Prompt 或数据处理无直接关系。,公开资料与 AI-HR 产品岗位明显不匹配，用于演示低分和排除样例。,https://example.com/profile/c077,mock_search,unmatched mock 样例；用于演示候选人池多样性。,2026-06-12,未触达,,否,mock_search,(产品经理 OR HR SaaS) AND 品牌运营,2026-06-12 15:59:00,低,100,待复核
C078,李牧,万象零售,品牌运营,成都,3,品牌策划; 社媒运营; 活动执行; 内容营销; 门店管理; 客户服务,北京邮电大学 计算机 本科,负责品牌内容、线下活动或门店运营，主要工作不涉及 AI 产品、HR SaaS 或招聘系统。,参与营销活动复盘和供应商协调，与候选人匹配、Prompt 或数据处理无直接关系。,公开资料与 AI-HR 产品岗位明显不匹配，用于演示低分和排除样例。,https://example.com/profile/c078,mock_search,unmatched mock 样例；用于演示候选人池多样性。,2026-06-12,未触达,,否,mock_search,(产品经理 OR HR SaaS) AND 品牌运营,2026-06-12 16:06:00,低,100,待复核
C079,孟夏,啡行咖啡,品牌运营,苏州,5,品牌策划; 社媒运营; 活动执行; 内容营销; 门店管理; 客户服务; 纯销售,浙江大学 软件工程 本科,负责品牌内容、线下活动或门店运营，主要工作不涉及 AI 产品、HR SaaS 或招聘系统。,参与营销活动复盘和供应商协调，与候选人匹配、Prompt 或数据处理无直接关系。,公开资料与 AI-HR 产品岗位明显不匹配，用于演示低分和排除样例。,https://example.com/profile/c079,mock_search,unmatched mock 样例；用于演示候选人池多样性。,2026-06-12,待人工确认,已有草稿，等待 HR 复核。,否,mock_search,(产品经理 OR HR SaaS) AND 品牌运营,2026-06-12 17:13:00,低,100,待复核
C080,倪舟,南山广告,品牌运营,西安,7,品牌策划; 社媒运营; 活动执行; 内容营销; 门店管理; 客户服务,中山大学 工商管理 本科,负责品牌内容、线下活动或门店运营，主要工作不涉及 AI 产品、HR SaaS 或招聘系统。,参与营销活动复盘和供应商协调，与候选人匹配、Prompt 或数据处理无直接关系。,公开资料与 AI-HR 产品岗位明显不匹配，用于演示低分和排除样例。,https://example.com/profile/c080,mock_search,unmatched mock 样例；用于演示候选人池多样性。,2026-06-12,未触达,,否,mock_search,(产品经理 OR HR SaaS) AND 品牌运营,2026-06-12 08:20:00,低,100,待复核
C081,欧阳澈,海岸传媒,品牌运营,上海,9,品牌策划; 社媒运营; 活动执行; 内容营销; 门店管理; 客户服务,,负责品牌内容、线下活动或门店运营，主要工作不涉及 AI 产品、HR SaaS 或招聘系统。,参与营销活动复盘和供应商协调，与候选人匹配、Prompt 或数据处理无直接关系。,公开资料与 AI-HR 产品岗位明显不匹配，用于演示低分和排除样例。,https://example.com/profile/c081,mock_search,unmatched mock 样例；用于演示候选人池多样性。,2026-06-12,未触达,,否,mock_search,(产品经理 OR HR SaaS) AND 品牌运营,2026-06-12 09:27:00,低,92,待复核
C082,彭予,橙子生活,品牌运营,深圳,1,品牌策划; 社媒运营; 活动执行; 内容营销; 门店管理; 客户服务,上海交通大学 工业工程 本科,负责品牌内容、线下活动或门店运营，主要工作不涉及 AI 产品、HR SaaS 或招聘系统。,参与营销活动复盘和供应商协调，与候选人匹配、Prompt 或数据处理无直接关系。,公开资料与 AI-HR 产品岗位明显不匹配，用于演示低分和排除样例。,https://example.com/profile/c082,mock_search,unmatched mock 样例；用于演示候选人池多样性。,2026-06-12,未触达,,否,mock_search,(产品经理 OR HR SaaS) AND 品牌运营,2026-06-12 10:34:00,低,100,待复核
C083,秦川,绿洲文旅,品牌运营,广州,3,品牌策划; 社媒运营; 活动执行; 内容营销; 门店管理; 客户服务,北京邮电大学 计算机 本科,负责品牌内容、线下活动或门店运营，主要工作不涉及 AI 产品、HR SaaS 或招聘系统。,参与营销活动复盘和供应商协调，与候选人匹配、Prompt 或数据处理无直接关系。,公开资料与 AI-HR 产品岗位明显不匹配，用于演示低分和排除样例。,https://example.com/profile/c083,mock_search,unmatched mock 样例；用于演示候选人池多样性。,2026-06-12,未触达,,否,mock_search,(产品经理 OR HR SaaS) AND 品牌运营,2026-06-12 11:41:00,低,100,待复核
C084,任溪,万象零售,品牌运营,南京,5,品牌策划; 社媒运营; 活动执行; 内容营销; 门店管理; 客户服务; 纯销售,浙江大学 软件工程 本科,负责品牌内容、线下活动或门店运营，主要工作不涉及 AI 产品、HR SaaS 或招聘系统。,参与营销活动复盘和供应商协调，与候选人匹配、Prompt 或数据处理无直接关系。,公开资料与 AI-HR 产品岗位明显不匹配，用于演示低分和排除样例。,https://example.com/profile/c084,mock_search,unmatched mock 样例；用于演示候选人池多样性。,2026-06-12,未触达,,否,mock_search,(产品经理 OR HR SaaS) AND 品牌运营,2026-06-12 12:48:00,低,100,待复核
C085,沈星,啡行咖啡,品牌运营,武汉,7,品牌策划; 社媒运营; 活动执行; 内容营销; 门店管理; 客户服务,中山大学 工商管理 本科,负责品牌内容、线下活动或门店运营，主要工作不涉及 AI 产品、HR SaaS 或招聘系统。,参与营销活动复盘和供应商协调，与候选人匹配、Prompt 或数据处理无直接关系。,公开资料与 AI-HR 产品岗位明显不匹配，用于演示低分和排除样例。,https://example.com/profile/c085,mock_search,unmatched mock 样例；用于演示候选人池多样性。,2026-06-12,未触达,,否,mock_search,(产品经理 OR HR SaaS) AND 品牌运营,2026-06-12 13:55:00,低,100,待复核
C086,唐棠,南山广告,品牌运营,远程,9,品牌策划; 社媒运营; 活动执行; 内容营销; 门店管理; 客户服务,,负责品牌内容、线下活动或门店运营，主要工作不涉及 AI 产品、HR SaaS 或招聘系统。,参与营销活动复盘和供应商协调，与候选人匹配、Prompt 或数据处理无直接关系。,公开资料与 AI-HR 产品岗位明显不匹配，用于演示低分和排除样例。,https://example.com/profile/c086,mock_search,unmatched mock 样例；用于演示候选人池多样性。,2026-06-12,未触达,,否,mock_search,(产品经理 OR HR SaaS) AND 品牌运营,2026-06-12 14:02:00,低,92,待复核
C087,万俟宁,海岸传媒,品牌运营,北京,1,品牌策划; 社媒运营; 活动执行; 内容营销; 门店管理; 客户服务,上海交通大学 工业工程 本科,负责品牌内容、线下活动或门店运营，主要工作不涉及 AI 产品、HR SaaS 或招聘系统。,参与营销活动复盘和供应商协调，与候选人匹配、Prompt 或数据处理无直接关系。,公开资料与 AI-HR 产品岗位明显不匹配，用于演示低分和排除样例。,https://example.com/profile/c087,mock_search,unmatched mock 样例；用于演示候选人池多样性。,2026-06-12,未触达,,否,mock_search,(产品经理 OR HR SaaS) AND 品牌运营,2026-06-12 15:09:00,低,100,待复核
C088,夏知,橙子生活,品牌运营,杭州,3,品牌策划; 社媒运营; 活动执行; 内容营销; 门店管理; 客户服务,北京邮电大学 计算机 本科,负责品牌内容、线下活动或门店运营，主要工作不涉及 AI 产品、HR SaaS 或招聘系统。,参与营销活动复盘和供应商协调，与候选人匹配、Prompt 或数据处理无直接关系。,公开资料与 AI-HR 产品岗位明显不匹配，用于演示低分和排除样例。,https://example.com/profile/c088,mock_search,unmatched mock 样例；用于演示候选人池多样性。,2026-06-12,不再联系,候选人已明确不希望继续沟通。,否,mock_search,(产品经理 OR HR SaaS) AND 品牌运营,2026-06-12 16:16:00,低,100,待复核
C089,叶栩,,,北京,,AI 产品; 招聘工具; 数据分析,未明确,,资料中只出现少量关键词，无法确认真实岗位职责和项目深度。,资料缺失较多，需要 HR 人工补充公司、职位、年限、项目证据和来源链接。,,mock_search,sparse mock 样例；用于演示候选人池多样性。,2026-06-12,未触达,,否,mock_search,(AI 招聘工具 AND 资料待补充),2026-06-12 17:23:00,低,46,待复核
C090,赵简,未明确,,杭州,2,,,只看到少量经历描述，缺少可验证工作职责。,资料中只出现少量关键词，无法确认真实岗位职责和项目深度。,资料缺失较多，需要 HR 人工补充公司、职位、年限、项目证据和来源链接。,https://example.com/profile/c090,mock_search,sparse mock 样例；用于演示候选人池多样性。,2026-06-12,未触达,,否,mock_search,(AI 招聘工具 AND 资料待补充),2026-06-12 08:30:00,低,56,待复核
C091,朱弦,个人项目,,成都,4,AI 产品; 招聘工具; 数据分析,华东师范大学 心理学 硕士,,资料中只出现少量关键词，无法确认真实岗位职责和项目深度。,资料缺失较多，需要 HR 人工补充公司、职位、年限、项目证据和来源链接。,,mock_search,sparse mock 样例；用于演示候选人池多样性。,2026-06-12,未触达,,否,mock_search,(AI 招聘工具 AND 资料待补充),2026-06-12 09:37:00,低,72,待复核
C092,程一,待补充公司,,苏州,,,南京大学 信息管理 硕士,只看到少量经历描述，缺少可验证工作职责。,资料中只出现少量关键词，无法确认真实岗位职责和项目深度。,资料缺失较多，需要 HR 人工补充公司、职位、年限、项目证据和来源链接。,https://example.com/profile/c092,mock_search,sparse mock 样例；用于演示候选人池多样性。,2026-06-12,未触达,,否,mock_search,(AI 招聘工具 AND 资料待补充),2026-06-12 10:44:00,低,66,待复核
C093,杜若,,,西安,8,AI 产品; 招聘工具; 数据分析,,,资料中只出现少量关键词，无法确认真实岗位职责和项目深度。,资料缺失较多，需要 HR 人工补充公司、职位、年限、项目证据和来源链接。,,mock_search,sparse mock 样例；用于演示候选人池多样性。,2026-06-12,未触达,,否,mock_search,(AI 招聘工具 AND 资料待补充),2026-06-12 11:51:00,低,54,待复核
C094,冯时,,,上海,10,,未明确,只看到少量经历描述，缺少可验证工作职责。,资料中只出现少量关键词，无法确认真实岗位职责和项目深度。,资料缺失较多，需要 HR 人工补充公司、职位、年限、项目证据和来源链接。,https://example.com/profile/c094,mock_search,sparse mock 样例；用于演示候选人池多样性。,2026-06-12,未触达,,否,mock_search,(AI 招聘工具 AND 资料待补充),2026-06-12 12:58:00,低,56,待复核
C095,高临,个人项目,,深圳,,AI 产品; 招聘工具; 数据分析,复旦大学 管理科学 本科,,资料中只出现少量关键词，无法确认真实岗位职责和项目深度。,资料缺失较多，需要 HR 人工补充公司、职位、年限、项目证据和来源链接。,,mock_search,sparse mock 样例；用于演示候选人池多样性。,2026-06-12,黑名单,合规演示：黑名单候选人不可触达。,是,mock_search,(AI 招聘工具 AND 资料待补充),2026-06-12 13:05:00,低,64,待复核
C096,黄言,待补充公司,,广州,4,,,只看到少量经历描述，缺少可验证工作职责。,资料中只出现少量关键词，无法确认真实岗位职责和项目深度。,资料缺失较多，需要 HR 人工补充公司、职位、年限、项目证据和来源链接。,https://example.com/profile/c096,mock_search,sparse mock 样例；用于演示候选人池多样性。,2026-06-12,未触达,,否,mock_search,(AI 招聘工具 AND 资料待补充),2026-06-12 14:12:00,低,66,待复核
C097,季禾,,,南京,6,AI 产品; 招聘工具; 数据分析,南京大学 信息管理 硕士,,资料中只出现少量关键词，无法确认真实岗位职责和项目深度。,资料缺失较多，需要 HR 人工补充公司、职位、年限、项目证据和来源链接。,,mock_search,sparse mock 样例；用于演示候选人池多样性。,2026-06-12,未触达,,否,mock_search,(AI 招聘工具 AND 资料待补充),2026-06-12 15:19:00,低,62,待复核
C098,赖可,未明确,,武汉,,,同济大学 设计创新 本科,只看到少量经历描述，缺少可验证工作职责。,资料中只出现少量关键词，无法确认真实岗位职责和项目深度。,资料缺失较多，需要 HR 人工补充公司、职位、年限、项目证据和来源链接。,https://example.com/profile/c098,mock_search,sparse mock 样例；用于演示候选人池多样性。,2026-06-12,未触达,,否,mock_search,(AI 招聘工具 AND 资料待补充),2026-06-12 16:26:00,低,56,待复核
C099,罗清,,,远程,10,AI 产品; 招聘工具; 数据分析,,,资料中只出现少量关键词，无法确认真实岗位职责和项目深度。,资料缺失较多，需要 HR 人工补充公司、职位、年限、项目证据和来源链接。,,mock_search,sparse mock 样例；用于演示候选人池多样性。,2026-06-12,未触达,,否,mock_search,(AI 招聘工具 AND 资料待补充),2026-06-12 17:33:00,低,54,待复核
C100,马远,待补充公司,,北京,2,,复旦大学 管理科学 本科,只看到少量经历描述，缺少可验证工作职责。,资料中只出现少量关键词，无法确认真实岗位职责和项目深度。,资料缺失较多，需要 HR 人工补充公司、职位、年限、项目证据和来源链接。,https://example.com/profile/c100,mock_search,sparse mock 样例；用于演示候选人池多样性。,2026-06-12,未触达,,否,mock_search,(AI 招聘工具 AND 资料待补充),2026-06-12 08:40:00,低,74,待复核
